{"weights":[{"row":29,"column":12,"elements":[-0.5170374140143395,-0.8887147903442383,0.9110813336446881,0.25743533216882499,0.4716525636613369,-0.4351398665457964,0.13779973983764649,0.9170291176997125,0.5689046620391309,0.29415036737918856,-0.0828509759157896,-0.317465687636286,-0.35703775798901918,0.14607059583067895,1.08613640954718,-0.839736305642873,-0.04657660727389157,0.44782805256545546,0.6496281698346138,-0.3451473116874695,0.08575140684843064,-0.35456714080646636,0.3825685605406761,-1.1696714526042343,-0.12541509419679643,0.050046319141983989,-0.7233060412108898,-0.1749303755350411,0.8720339955762029,-0.3619716865941882,0.5914332633838058,-0.48946080465975685,-0.3261162824346684,0.8323326986283064,-0.23825257504358889,0.7109428984927035,0.00619872473180294,-0.32775381952524187,-0.13470933958888055,0.26508927484974267,-0.28052871860563757,-0.49871294386684897,0.4997517903102562,0.17670509777963162,-0.8185578533448279,-0.8734252783469856,0.24908274598419667,-1.1767548555508257,0.03526882082223892,0.4158029417376383,-0.7248104345053434,-0.2576122749596834,0.9228105470538139,0.26227904483675959,-0.5750844464637339,-0.9584593484178186,-0.657856922596693,-0.911908034235239,-0.9802580773830414,-0.1636596843600273,-0.40082862600684168,0.3176929638721049,0.7634476125240326,0.4522540355101228,-0.8397582322359085,-0.7831151150166988,-0.9081110563129187,0.6267835311591625,-0.6606892310082912,-1.1184065341949463,-0.335853508207947,0.7386024575680494,-0.7705327365547419,0.6633011286030524,-1.5347267873585225,0.31289534363895657,-1.2157453298568726,-0.8206141954287887,-0.1522438693791628,1.1323570781387389,0.30367241613566878,-0.9890675283968449,0.42076323740184309,0.9530415283516049,0.2745057698339224,0.8398032860714011,-1.0067618355387822,0.4372750483453274,0.768302810844034,-0.4955299776047468,1.1151700725313277,0.9140171278268099,1.0648707244545222,-0.5629298929125071,-1.597369868075475,-0.8571326211094856,-0.31006863061338665,0.5865953043103218,-0.004789404571056366,-0.42739531805273148,-0.0936211496591568,0.8099413067102432,0.7609115857630968,0.19877520017325879,-1.8500521109090187,0.4880296685732901,0.9143130462616682,-0.5505320623051375,-1.5256600910797716,-0.7613963498733938,0.03908872790634632,-0.2674044480372686,0.10348335653543472,0.3530634865164757,0.023005859926342965,0.4754531807266176,0.8764555212110281,0.732440534979105,0.3816090395266656,0.11711201071739197,1.5537806451320649,0.4820739724673331,0.7984384964220226,0.17561327060684563,-0.23672126606106759,0.7139740586280823,1.0694396772887558,-0.19503439217805863,-0.5880865817889571,-0.40262733958661559,-0.5545328836888075,-0.28840474411845209,0.2964421631768346,-0.5620791241526604,-0.4495642986148596,-0.8398414608091116,-0.09412521123886109,0.6163327202666551,-0.36464132461696865,-0.46015146374702456,0.7543475925922394,-0.6467876965180039,-0.08676474582171068,0.7059718795353547,0.03602732764557004,-0.4332270547747612,-0.10423376969993115,0.26625263039022686,-0.308134950697422,-0.9495425624772906,-0.7700859364122152,-0.7079187035560608,-0.8903189226984978,-2.0765288919210436,-0.7951185945421457,-0.9674633219838142,-0.4217616394162178,-0.4699558550491929,-0.4996580332517624,1.1585304476320744,0.7094231517985463,-0.3516613692045212,1.0361493807286025,0.5411600405350328,-0.7730814383830875,-0.5289048803970218,0.45011551456991585,-1.0395999702159316,0.17742843087762595,0.11443174909800291,0.894871755852364,0.8162250258028507,0.8020949307829142,-0.978729672729969,-0.7369859935715795,-0.3425542153418064,0.9119943263940513,0.13325291872024537,-0.846795114222914,-0.5370914340019226,-0.3261863524094224,-0.7596735451370478,-0.5409677784482483,-0.6580300501082093,0.2826114511117339,0.39199045300483706,0.004699080251157284,0.6330101070925593,0.4883412607014179,-0.9826207283185795,-0.9851394724100828,0.19864979200065137,1.0267177745699883,0.10321630723774433,0.0547961350530386,0.10166253615170717,2.245007051154971,-2.187987260520458,-0.28273821622133257,-1.0464154415385565,1.0252991165034474,-0.7315096035599709,0.012131750583648682,0.3348302775993943,-0.9727830402553082,-0.8294694314245135,1.1262582147028298,0.3402365446090698,-0.22298340313136578,0.2931232468690723,0.00007680803537368774,-0.6526369601488113,0.21775192208588124,0.7689462779089809,0.5608638878911734,0.4133905181661248,0.5432408563792706,-0.5552204493433237,0.5211786185391247,-0.8784775212407112,-1.0737748527899385,-0.943079037591815,0.43371677367395025,-0.18912409245967866,0.1907894890755415,-0.061843523755669597,-0.3962198621593416,-0.25154638662934306,0.9070748877711594,0.49053006526082756,0.40407398995012047,-0.23588835820555688,0.16006227396428586,0.8880203515291214,-1.579787988215685,-0.3887697719037533,0.18428225442767144,0.3839384529273957,-0.04392783064395189,-0.27019063010811808,-0.36478922609239819,0.7958029787987471,0.5066107690799981,-0.4464637888595462,-1.0643077595159412,-0.5077978651970625,1.0207721963524819,0.6220972632290795,-0.5406749621033669,-0.7102816253900528,1.2362334169447423,-0.6150173561181873,-0.06544438158380217,1.7262349752127194,-0.20998287061229349,1.0479097068309785,1.6251199319958687,0.5680857237894088,0.7167900810018182,-0.7137262905016542,-0.40626213629730048,-0.15665116347372533,0.39219867740757766,0.4034815418854123,-0.9701528311707079,-0.2492575291544199,1.1644401939120144,0.4840728584676981,0.06941932532936335,0.1490751300007105,1.7662096815183759,-0.65207115188241,-0.6338309698330704,-0.13409452931955458,0.5988997425884008,0.8930895691737533,-0.8402127511799336,0.6344113890081644,-0.6302144527435303,0.15376583859324456,0.34099820628762247,-0.4759563636034727,0.6623412994667888,0.6454322775825858,-0.7761473231948912,0.43331947922706606,0.8269285261631012,-0.5893136542290449,0.0874678436666727,0.4994640052318573,1.4065924938768149,-0.15381402336061,-0.027394981123507024,0.07028569700196386,0.7898539770394564,-0.2137349396944046,-0.6076582279056311,-0.35756917856633665,0.08135004714131355,0.21390256797894836,0.7393371872603893,-0.135312917875126,-0.9179675914347172,-1.5346070230007172,-0.08748585032299161,0.0038005281239748,0.12066849367693067,-0.10032617347314954,-0.6187082834076136,-0.5581414981279522,0.09952562022954226,0.7363515486940742,-0.8415531006176025,-0.9580596201121807,-0.8859067372977734,0.3163925656117499,-0.6861717998981476,-0.6693623773753643,0.5872251130640507,0.45735516771674158,0.8865739493630827,-0.9740553963929415,0.0006263253162615001,0.25026906467974188,0.4661395223811269,0.9155829958617687,0.3933778603095561,0.8652702723629773,0.5049213448655792,0.6096365787088871,0.29985257238149645,-0.08489604899659753,-0.6614398485980928,0.7912504076957703,0.5659251272445545,-0.36531975120306017,-0.4732936044456437,0.5331667205318809,-0.563851716928184,-0.4037772975862026,0.5436219424009323,-0.743467484600842,0.5323113455087878,-0.48392361775040629,-0.2408290933817625,-0.33030202984809878,0.6022332645952702,-0.4269413873553276]},{"row":12,"column":12,