{"weights":[{"row":46,"column":8,"elements":[0.095368605922177,-0.42873444000623187,0.7082313979972277,-0.4585256786547163,0.03755475355093907,-0.541800500164858,-0.8998679008852171,-0.6007516663396961,1.2778896542529057,0.5914707713244187,0.21773501344793545,-0.9822153915748952,-0.9656207095488945,-0.7384879452563231,-0.7276721274951683,0.4018705977940691,0.14084824121291995,-0.7012726176389474,-0.6777142373690062,0.47330838684284728,0.29954507885499029,0.41674283146858218,-0.9647013430474649,-0.1244042256669935,-0.6096988314325493,0.5278901041169259,-1.0142515509791772,1.0633962244490132,0.989033455944645,0.21984259621297309,0.35547647039075516,-0.7477697134017944,0.8458527134175955,0.8557991800099041,-0.730472120445615,-0.9377672795268364,0.9291053133923946,-0.3204486966444885,1.3675876913603887,0.5840281707864221,-0.31756841569912988,-0.37720593710432395,-0.9716746062656032,0.22429745734869067,0.46628579544445705,0.27894323488896335,0.1840416106738978,0.9431550106800133,0.3702037895355925,0.6515100735496626,0.9212544402628531,0.28450421878579559,-0.44156586237118136,-0.9111471103174687,1.0657361919871864,0.3332993902873387,0.6404655283367013,1.8275166121659599,0.3903239130942957,-0.602331486972383,0.4094989158901967,-0.6014689207077026,1.0252998331673276,-0.24263955149786477,-0.12417428529694164,-1.1398397742060454,-0.18445421500057514,-0.7119530970114827,0.1138954098262408,0.9525143187956853,0.1732536927927697,-0.33023738287855988,0.28096189723599288,0.6690741134156515,1.0013544700759134,-0.9761864980342772,-0.43037840575517008,-0.7626783248480642,-0.2022666741786061,-0.5282310761023208,0.5410659807196687,-1.3017810249273719,-0.35993683710600768,-0.16515583679300684,0.7731100603371921,0.20667621757048416,0.47558766384957598,-0.9545583921574101,-0.6300057768821716,-0.0075105223804712299,0.7944948969291348,0.15380127678550166,0.8430827323391972,0.8145754143035191,0.6727726904941798,0.9204098641126062,-0.1416073414645167,0.01063632442614093,0.11402908712625504,0.1663394293094993,0.14158475846329567,0.44207772204997566,0.7699657247117315,-0.8913327513379112,-0.6570800701646249,-0.7007801914528997,0.5927588583470289,0.5007598647503802,0.1668734009801085,-0.3211317099736952,0.6692319674572893,0.43286199852043696,-0.7664897415640112,0.3475932182237518,-1.2434242134110818,-0.30925460593131906,-1.0313260910654168,0.5550797451042229,-0.5630789758680095,0.7239949374256174,0.542941213630642,1.3547913391507154,0.5744627409175305,-0.5253323129989602,0.62040392216913,0.7342224386795309,0.2556076405086287,-0.24556342644105023,-0.7583638224040306,-0.7774520211883851,-0.6972991612215862,0.8240382033416034,-1.0345329519182319,-0.9342804414845283,-0.44905755002834715,-0.8681008626235887,-0.44306529758014348,0.8543635079414642,-0.6726709760452208,-0.9951811031523956,0.8476502609492123,0.39087560772895815,0.5022690077562597,0.05751366523153223,-0.4045862004230283,0.3985097935421331,-0.20470895969606074,0.5822795803990086,2.191923602973862,-0.5434192419052124,0.6324970302305761,-0.1805311571668211,-1.0610793828964234,-0.32413759929931676,0.7890597296925446,0.5180671724302424,-0.35442714078028506,-0.6426659812402829,-0.6363641647645768,-1.0627062671127692,0.6350256791664282,0.33341952144735789,0.2678348355449316,-0.6020350443799032,0.41952588054446418,-0.6909941005653257,0.32043227553367617,0.3480302151087953,-0.9468523741685004,-0.6069103877566473,0.5607709953555737,-0.08415635055133564,-1.223381519317627,-0.12354239954574098,0.437119559594807,0.3050796405680576,-0.3738540625035789,0.8174491846244072,0.10770581163011639,-0.2896552613536636,0.18740343663339943,-0.5418631031234886,-0.6161775664889864,0.663582685789286,0.6917159237791069,-0.23756668662987225,-1.0753641898995535,-0.13737857335173588,0.15329730772266937,-0.6694362686715749,-0.5307696302084264,-0.4635411256493809,-0.782067147415221,0.06824014475429774,0.41946213264752965,0.8192044496536255,-0.19572226185851616,-0.1286193030308791,-0.7948656600516832,-0.17571781947090416,-0.9023655844848975,0.3086494968086676,0.5062484472275193,0.7856297025321766,-0.8174259932737016,-0.7034312965470947,0.42483446641983049,0.026551449106050119,-0.17816367803948553,0.5611346782962361,0.018713373444546379,-0.5725428248800537,0.8776458725483969,-0.7687455587837616,1.562014839798,0.13148276312570507,-0.40442092949962279,0.656822469100768,-0.553557932342688,-0.7158440149313679,-0.3480224866335444,-0.3202340460530939,-1.4153234778457016,0.6492604688146821,-0.0767720829389339,1.8683217763900757,1.6968013048171998,-0.8520250515828909,0.9928440302292838,-0.5965148928690027,-1.0304856625286028,-0.4385255525512832,0.09112918388720282,-0.2856500785741618,-0.35444352278762727,-0.02736321901105221,-0.6680863235788221,0.6428154564040458,-0.5523429118962291,0.021656779572367669,0.5418701633290546,-0.7938783444868189,1.0403527307440897,-0.5734120003825133,0.5344773843695476,-0.2658805646387543,0.4085611434866161,0.2794412823341794,1.1770330940905023,-0.008081047709725287,0.8372447448057914,-0.62859189921598,1.1183606729926475,-0.33936949046505307,-0.301934116303908,2.1190025643784855,0.4372273680193519,-0.984481137031262,-0.3654354487164202,1.0559222179335178,-0.33131059148744237,-0.6052610805415868,1.2116101534627096,1.0591559038635224,0.5031305377746733,0.1721312122513563,0.3607490668268838,0.6451291581450196,-0.47394049167633059,0.8599204215289467,-0.750848350837237,0.09992186502758571,0.8145644181831522,1.4194507598876954,-0.7327882120670868,-0.7911470938739438,0.5919320845062792,-0.8656409894079813,-0.8450232528477573,2.0553834438323976,-0.6192680751582227,0.6782295370109965,0.18619489103174836,-0.6218388761487406,-0.5310808245478711,0.01542655351247002,0.6360102447130598,0.30073460609056826,-1.1114817196573346,-0.4812649190425873,-0.5890000462532044,0.8982023521314346,0.17889549914384274,0.5576136487039722,0.3932707010718184,-0.811619488404153,-0.8760312834592572,-0.515537565662477,-0.04017588017472962,-2.086907711359288,-0.8054951124327059,-0.14547875149941848,0.7127329756788772,0.6026021794873779,1.8074508905410767,0.37262207301376196,0.7950610971832296,0.30838994304698988,-0.6312531232481922,0.19331273430491259,0.1371267547182562,0.529187663277555,0.42552261370360969,0.6686709147411833,-0.4178915339007636,-0.016203407205921395,-1.0087726442674204,-0.23209238288038049,1.0165653556030157,-0.4033800984090763,-0.638448822800715,-0.8513112122116671,1.5030094633266842,0.011967317073251938,-0.46700220557544305,0.45415514753896649,-0.20883568797088615,-0.03731607696359074,0.34285364755497396,0.8851876854896545,-0.7743781322948946,-0.7245805475070561,0.07661569787435863,-1.068624143258262,-0.18169467417321484,0.49124640803563759,0.2095748425586561,0.5751136739334046,-0.3369374686902251,-0.16682038218807095,-0.6063422172342956,0.8185519575006599,-0.41884477274969225,-0.3617497682571411,0.5525940289319546,0.4259872862045384,-0.5034264070740555,0.5533924054485286,0.5812778525538809,0.46257166038791999,-1.0715941690348264,0.22880111526891903,-0.7084057845088849,-0.9829712860517097,0.20452274248256864,0.05257281334993413,-1.5463006794040198,0.30668630326902859,0.8908582977102371,-0.5081261616791704,0.3224148456615108,-0.8206075821732224,-1.9632555441911937,-1.9863408915172585,-0.11759147656862812,0.5884441137313843,-0.4695294865893942,-0.8831592967183033]},{"row":8,"column":4,"elements":[0.2863943339189987,0.0007287610787898302,0.20303500052694857,-0.2526208340168985,-0.2718016789771003,0.4092558071794947,-0.30497784113544315,-0.5588793514803867,0.6806766537557678,-0.16076435090631148,0.14028876377371003,0.08795223333240164,-0.08505737661915003,-0.20460447549904527,-0.5806525155005531,0.20179030060504389,-0.7293978126182217,-0.0030468693331071607,-0.6800903735247328,0.3402940657223038,0.03980563552978644,-0.6391624287542824,0.8568044571573665,0.5791288149294296,-0.09066985665969707,0.31178775429725649,-0.3188002803941208,-0.9367478380251626,-0.5755036699829907,0.3117890954017639,-0.7665645706431112,0.24315875456744963]}],"biases":[{"row":1,