{"weights":[{"row":17,"column":16,"elements":[0.06039783451706171,-0.36483098939061167,-0.1529232234461233,-0.12836605682969094,0.5060136383399367,-0.6736504193395376,0.8172758934088051,-0.5127012908924371,0.35504905320703986,-0.4694188479334116,-0.514101929962635,0.06306576170027256,0.0029255691915750505,0.05485750432126224,-0.5145798670127988,-0.056238939985632899,-0.3553241156041622,-0.05620664171874523,0.36552174761891367,0.9485749062150717,-1.5434678792953492,-0.21216128394007684,-0.8532402720302343,-0.12610770761966706,0.29424141626805069,-0.25806958600878718,0.2921547954902053,0.31546981632709505,0.019251962890848519,0.21052396669983865,-0.9851321056485176,0.017827097326517106,-0.35348770022392275,-0.04953086673049256,-0.48837949708104136,-0.205866192933172,-0.20262213423848153,0.08870711922645569,0.7959286756813526,-0.17939822981134058,0.8087806105613709,0.276458203792572,-3.420098466798663,0.12525621615350247,-0.16245943773537875,-0.8693212764337659,0.002411961555480957,-0.01638709381222725,0.8029214143753052,-0.6850748751312494,-1.0734729636460543,0.20382729545235635,-0.03045923076570034,-0.3863733932375908,-0.9844510825350881,-0.9416459794156253,0.24215102568268777,-0.11750776879489422,0.3098232231568545,-0.7658583680167794,0.940861165523529,-1.8232489479705692,-0.28388745698612186,-0.8164515547687188,-0.10295566776767373,-0.9022274753078818,-0.5188004386145622,-0.5532989948987961,1.1325777836609632,0.5250072618946433,-0.6261628243664745,-0.3893083008006215,0.5221749257761985,0.41900825314223769,-0.11491049733012915,-0.3360593840479851,0.009654284920543433,-0.6439960687421262,-0.8176882222760469,-0.07201587874442339,-0.22767925495281816,-0.38480576407164338,0.202169481664896,0.9498283974826336,0.5244288593530655,0.9676641137339175,-0.18293334171175958,0.9165574815124273,0.609573332592845,-0.5958929527550936,-0.7548854476772249,-0.14541732519865037,0.38525048177689316,0.1035306048579514,-0.997384178917855,0.04172391211614013,0.0795208029448986,-0.7266455134376884,0.19766315761808074,-0.06151825189590454,-0.013408876955509186,0.5133397225290537,0.567022766917944,-0.5573255168274045,-0.9413013458251953,-0.5564126670360565,0.5821139216423035,-0.32749103754758837,-0.7296797505405266,-0.6600507963448763,-0.8769160099327564,-0.11014774162322283,0.4291914775967598,0.41724039427936079,0.266972191631794,-0.9724055730039254,1.066232243552804,0.4356864304281771,-0.06573193753138185,-0.5604705987498164,-0.47813380835577848,-0.7379512251354754,-0.526567536406219,1.0201559849083424,0.26957650016993286,0.07463579904288054,0.057002940913662317,-0.5885960975429043,-0.2946429825387895,0.8606208804994822,-0.10477585904300213,0.55242576636374,0.04342158883810043,0.6069197687320411,0.025973288342356683,0.8133217357099056,-0.09935934282839298,1.1967114271828905,0.3901977017521858,-0.2625771537423134,1.2497462391620502,-0.8770886063575745,0.5233200676739216,-0.9315025866962969,0.4467611201107502,0.12469987571239472,0.058214915450662377,-0.03537600114941597,0.26072498597204687,1.0558373322710395,-0.8661010265350342,0.3271239660680294,0.6173234665766358,0.9179773479700089,0.8777956226840615,0.17219308018684388,0.3558850418776274,0.41185136139392855,-0.5532791018486023,0.08037607744336128,-0.49887245893478396,0.34942493215203287,-0.18007013574242593,0.4226677604019642,0.41716044768691065,-0.7413984686136246,0.9300918132066727,-0.78298483742401,-0.7471653185784817,0.8320489525794983,-1.7083493117243052,0.6676837727427483,0.07913472643122077,-0.098377775400877,0.5610885415226221,-0.43733332958072426,2.0666090436279775,0.4781932234764099,0.8385512512177229,1.4975112760439516,-0.10538234723935602,0.08093464374542237,0.9795709922909737,-0.667789725586772,-0.31897156685590746,0.6891325716860592,0.12981384620070458,-0.5441532486001961,-0.38510714494623246,-0.9222398204728961,0.15603795368224383,1.1851619444787503,0.2474315420840867,0.40635780710726979,1.048575820401311,0.5601909682154656,0.728700197301805,-0.29678538627922537,1.0257064271718264,0.32713194377720358,0.15155466145370156,-0.41162752360105517,-0.03268207609653473,0.90820736810565,-0.7922027297317982,-0.9541036058217287,0.25108854100108149,-0.22051381785422564,0.007680967450141907,0.08328176103532314,1.979395077098161,0.6616262141615152,-1.29055748693645,0.7216224037110806,-0.5957756405696273,-0.25209097377955916,-0.2514626579359174,2.3259315183386208,0.44368109153583648,-0.6120214648544788,0.6400570832192898,-0.6938285385258496,0.27047610841691496,0.738521084189415,0.7022709790617228,-0.6990988358884351,-0.03483532043173909,-0.950332198292017,0.6140417100396007,0.7376298196613789,-0.1471167951822281,0.027656089514493943,0.2822391022928059,-0.5635883256327361,0.5938228345476091,0.16827426105737687,-0.8906987709924579,-0.6738139018416405,-0.41550386557355525,-0.8720023930072784,0.699715793132782,0.3444126546382904,-0.7451959028840065,0.5626578982919455,0.009416002780199051,-0.09663169318810106,0.39607711136341097,-0.6691555907018483,-0.3510614703409374,-0.6100113464635797,0.16036747582256795,-0.04065468069165945,-0.05287765897810459,-0.7625295664183796,-0.5043525109067559,-0.9102811254560947,-0.8552373286802322,-0.4283416038379073,0.11195973493158817,-1.1785885989665986,0.9590644878335297,1.1533649191260338,-1.1485884189605713,-1.1968651823699475,-0.9460426550358534,0.2684987086104229,-0.42652538418769839,0.5319769382476807,2.0923354625701906,0.8544046021997929,1.189302315528039,0.8069802671670914]},{"row":16,"column":16,