{"weights":[{"row":23,"column":16,"elements":[-0.8717045467346907,-0.17020098119974137,-0.5586934685707092,0.3943481706082821,-0.48031387478113177,0.11654408276081085,-0.5996623570099473,-0.6845204766141251,-0.7345949672162533,-0.1306663304567337,0.43002905137836935,-0.005909310653805733,-0.30756864324212077,-0.22773203998804093,-0.404706746339798,-0.055915473494678739,0.45206619799137118,-0.3903752456390066,-1.185231476323679,1.4381169080734254,-0.8113154768943787,0.7836126983165741,-0.913037545979023,-0.14442399144172669,-0.726904131937772,1.56510778516531,0.8764080004766583,-0.07085539028048516,0.13851179834455253,-0.49743117531761529,0.8065136572113261,0.7563904337584972,-0.22294902242720128,-1.9266740288585425,0.2746783960610628,-1.012351755052805,-0.3324321359395981,0.5666572488844395,-0.9948113178834319,-0.1086072251200676,-0.556178679689765,0.8904087231494486,0.8895714450627565,-0.9641718426719308,0.21127451956272126,0.11862985789775849,0.24915559589862824,-0.8711844682693481,-0.6807314234320074,0.7231047535315156,-0.7490173168480396,0.14416215289384128,0.2657829038798809,-0.187530055642128,-0.782401722855866,0.022206904366612436,-0.5160004580393434,-1.0463165435940028,-0.9819579948671162,-0.28881943598389628,-0.40979844657704236,-1.6870269514620305,0.43504900112748148,0.28900264482945206,1.2367139311973006,-0.7339078113436699,-0.27276855148375037,-0.8679311778396368,-0.48126794770359995,0.34686508774757388,0.11819946952164173,0.005653560161590576,-0.07107796892523766,0.2887997031211853,-1.0714997765608132,-1.178390622138977,0.2746103648096323,-0.6527417758479714,0.8183905379846692,0.12552754231728614,-0.09904028149321675,-1.2559104403480888,-0.3541572093963623,1.3007638901472092,0.5596635341644287,-0.10007674992084503,0.7661184743046761,0.8126383535563946,-0.4141641855239868,-0.08760402724146843,-0.6060601659119129,-0.0230543315410614,0.4058802127838135,0.4998619146645069,-0.3288221787661314,0.4099216163158417,0.2980527877807617,-0.33539382368326189,-0.1890132874250412,-0.18060103058815003,0.9069061437621713,0.6096475403755903,-0.5304453172720969,0.1264497478841804,-0.03551758453249931,-0.3915789229795337,0.26308977976441386,-0.729267283459194,-0.37042899429798128,0.7572995275259018,0.8116475082933903,-0.030506208539009095,-1.014505796134472,-0.12775647640228272,0.1157543733716011,-0.8882160084322095,-1.4678704738616944,-0.4480435848236084,-0.8279996886849403,0.528856004588306,0.8352710232138634,0.44959026388823988,0.11778228729963303,-0.8048768257722259,0.29411603324115279,0.5419576791464351,0.41324824653565886,0.570237675216049,0.32092116493731739,0.5537481568753719,-1.574142662808299,-1.1610299348831177,0.09554764721542597,-0.9904254637658596,-0.7603745758533478,-0.3244502765883226,-0.8756253905594349,0.48433545231819155,-0.4501224383711815,0.3708207008894533,-0.2240953203290701,-0.41758277639746668,-0.8526654802262783,-0.5541268489323556,0.7915427526459098,-0.1884882217273116,-0.5013403836637735,-0.28670111391693356,0.16409042943269015,-0.9710339307785034,0.5966293774545193,0.0773717574775219,0.7955419309437275,0.41456850711256268,-0.10776671709027142,0.7008606700692326,0.7772958278656006,-0.5204778183251619,-0.37624379247426989,-1.465955913066864,0.5847488674335182,0.7792244181036949,-0.6043091035680845,0.7323368713259697,0.5806778371334076,0.7133965049870312,-0.5279707671143115,0.427136785001494,0.9806083273142576,-0.12128106877207756,0.38339948654174807,0.5368679212406278,-0.3566855402896181,-0.48063449934124949,-0.26019457448273899,0.2753009647130966,-0.6107139065861702,1.3761445432901383,0.0797073021531105,-0.6974224410951138,-0.7046005320735276,-0.47105819534044715,-0.4179996494203806,0.3659494174644351,0.07032417692244053,-0.8228259193710983,-0.7709074411541224,-0.6876196004450321,-1.0189603315666319,-0.8230256997048855,-0.330538272857666,0.14441290125250817,0.5821358561515808,0.9320720545947552,-0.30510773975402119,-0.14606027770787478,-0.6781530941370875,-1.3879363536834717,0.07251024711877108,0.5569137219281402,0.02294093370437622,-0.32836156338453295,0.4769972339272499,0.6312302947044373,-1.7164666168391705,-0.24174735322594644,-0.7793425335548818,1.2595120668411255,-0.8561506168916822,1.023683000355959,-1.0673787423875183,-0.3848429061472416,0.009406789671629668,0.03183016926050186,0.26840152963995936,0.6687565371394157,-0.41135890036821368,-0.7629917189478874,-0.8850718587636948,-0.891092237085104,0.8871097657829523,-0.025689568370580674,0.17075336398556829,-1.029054380953312,0.9950882494449616,-0.3082220098003745,-0.7429164201021195,-0.566184151917696,-2.574660520069301,-0.7037813682109118,0.6204868322238326,1.0425596050918103,-0.6769132949411869,-0.033070433884859088,-0.8008269928395748,-0.24320735782384873,-0.8263942049816251,0.7776305489242077,-0.6684366036206484,-0.6927811824716628,-0.3873166488483548,0.8068310646340251,-0.6123920811805874,0.7387816160917282,0.2743408605456352,0.17604560777544976,-0.6934276949614286,-0.6319111026823521,-0.4471577203948982,-0.9610055023804307,0.5785141382366419,-0.3654894712381065,0.5273617673665285,-0.32492008805274966,-0.7799476208165288,-0.4249111863318831,0.5428611133247614,-1.2765813954174519,-0.9038118291646242,0.7415793798863888,0.502785335702356,0.9700518473982811,0.6842594048939645,-0.20702752470970155,-0.6557201948016882,0.19820118881762029,-0.5777881033718586,0.26227634213864806,0.1735939970239997,-0.22865809872746468,-0.2525073173455894,0.06901915604248643,-0.3042817674577236,-0.7514957413077354,0.7319942712783814,0.16213457961566747,-0.6390152629464865,-0.4769384264945984,-0.5621038675308228,0.21662830119021238,-0.8217748021706939,0.5984252858906984,0.2652733027935028,-0.20288562774658204,-0.031045822892338039,-0.7139667328447104,-0.21348197013139726,-0.3914565318264067,-0.5539567936211824,0.76696402952075,0.5862831696867943,0.7238168716430664,-0.5346292215399444,-0.20704325940459968,0.0032226049806922676,-0.3469511866569519,0.5038033798336983,0.6078786719590426,0.2338189333677292,-0.5249281898140907,0.775463405996561,0.6924113950226456,-0.018897652626037599,-0.5246005346998572,0.36116639617830517,0.6704000236932188,0.8314533782831859,0.784123957157135,0.4766616080305539,0.2357129594311118,-0.8893764615058899,0.41737658344209196,-0.2833731537684798,-0.1972223035991192,-0.34033769741654398,-0.7213986255228519,-0.16559851169586183,0.20610447600483895,-0.8784016855061054,-0.059371694922447208,0.8401834866963327,-1.4283262668177486,0.14097757637500764,-0.5531259067356587,0.891343429684639,0.3746131993830204,0.8404367566108704,-0.5335949920117855,-0.45989179611206057,0.9159131655469537,0.6529500484466553,-0.8481545792892575,0.04811489209532738,0.5623714029788971,0.5492315888404846,0.17993880435824395,-0.3372956346720457,0.1927956910803914,0.332466721534729,-0.6162700182758272,-1.1222053763922305,-0.6900655985809863,-0.38916369527578356,-0.22977213002741338,0.5382891725748777,-0.6839617297518998,0.39281315717380496,1.007289043162018,0.3981968816369772,0.7349806167185307,0.09145657904446125,-0.3496624827384949,-0.5466237887740135,0.21829388712649235,-0.0999073963612318,0.649964589625597,0.029920221772044898,0.48793749138712885,0.1398618659004569,-0.3680804930627346,0.6873200824484229,-0.5770778488367796,0.6936639752238989,-0.5108877420425415,-0.45309028029441836,1.014421439729631,0.7556356005370617,0.9401976745575666]},{"row":16,"column":4,