{"weights":[{"row":29,"column":12,"elements":[-0.6906948760151863,0.17980655713472516,-0.8882489763200283,0.02320499811321497,-0.39876039419323208,1.2209954261779786,0.5059446096420288,0.2372698113322258,0.0050905682146549229,0.3352716900408268,0.9696720214560628,-0.9478509426116943,-0.005709132179617882,-0.48811329901218417,0.3567861169576645,0.3024567663669586,0.8391424268484116,-0.5161319337785244,0.24833819642663003,-0.31251024454832079,0.6219693962484598,0.17423856258392335,0.6975347995758057,0.4883012429345399,-0.06323101371526718,0.5052003408782184,0.2917936220765114,-0.22403491288423539,0.25107600120827558,-0.2963163834065199,0.24333636090159417,-0.3376670926809311,0.1672523282468319,-0.9707721341401339,-0.5214822699781507,0.00006531551480293274,-1.0642412565648556,-0.5772164799273014,0.48241041926667097,1.0001042615622283,-0.6163796279579401,0.7157182027585805,-0.2662882497534156,-0.8206001333892345,0.0038557639345526697,-0.28371475636959078,-0.6096592175308615,-0.42911976389586928,-0.9014291763305664,-0.5028582878876478,-0.8897793991491199,0.8378460234962404,0.06872116433805786,-0.22956139035522939,-0.36160919070243838,-0.14439432695508004,0.42769145779311659,-0.8960356079041958,-0.09085473418235779,0.022884435951709749,0.09078040719032288,-1.0234084390103818,0.7206888198852539,0.04996637161821127,0.8485256750136614,-0.7645543534308672,0.6995315551757813,0.741760553792119,0.9951890712836757,0.4332672394812107,0.36583598237484696,-0.04700404033064842,-0.9211987517774105,-0.2516989931464195,-0.7301322501152754,0.41806575655937197,-0.5358092421665788,-0.7991035929881036,-0.28615990094840529,-0.5103339711204171,-0.8055003881454468,0.8044214900583029,0.8529707156121731,0.9845687262713909,0.6535074710845947,-0.9172995649278164,1.1011261641979218,-0.10318924486637116,0.9316890463232994,-0.7682850528508425,0.36663202475756409,-0.053906082175672057,-0.8253639144822955,0.9617200791835785,-0.12606855481863023,1.0308076068758965,0.7190418019890785,-0.33599609322845938,0.683414451777935,1.7050618920475245,-0.8718449100852013,0.5054999310523272,0.7505771825090051,-0.6887721177190542,0.19481442496180535,-0.10072919819504023,-0.9724170416593552,-0.18743154220283032,0.5444862992226263,0.12725134938955308,-0.3604031130671501,-0.7803106270730496,0.8256926368921995,-0.05812348425388336,0.173498397693038,1.0397799909114838,-0.25323573499917986,0.47181615233421328,-0.14134535938501359,0.8863203525543213,-0.1206401064991951,0.7262112610042095,0.665076732635498,-0.0518498420715332,0.6554656326770783,-0.18982618767768145,-0.47980034351348879,-0.14540826389566065,-0.3307758569717407,-0.11414438486099243,0.33710895478725436,0.3033949425444007,0.671357149258256,0.12761810806114227,0.6304065473377705,-1.036578968167305,-0.022343754768371583,-0.07256628945469856,-0.03729055158328265,0.4670076025649905,-0.7633297517895699,-0.31311564263887706,-0.47776826471090319,-0.031223848462104799,0.6642671851441264,0.12310392409563065,0.5358200073242188,0.6282817125320435,0.015377169474959374,-0.9035506173968315,0.40676395408809187,-0.090130265802145,0.44259174913167956,0.2595708006992936,-0.08893287973478437,-0.2747175395488739,0.5471992492675781,-0.8323419205844402,1.026725571602583,0.23483925592154265,0.32844046503305437,-0.4339511734433472,-0.19137652777135373,0.31486668437719347,-0.9219688940793276,-0.5664945542812347,-0.5028553009033203,-0.43044586619362237,0.952433992177248,0.5924153607338667,0.16169440746307374,0.5173166431486607,0.24970495700836183,0.28893566876649859,-0.6641557216644287,0.8545353920198977,0.765052080154419,-0.9759278038982302,-0.1895654677937273,-0.7202794924378395,1.3611737648025156,-0.3761591762304306,0.6469261646270752,0.194726824760437,0.5334284156560898,1.6348413228988648,-1.3162543773651124,-0.5999988913536072,-0.4002327639609575,0.10516920685768128,-0.08499346300959587,-0.9489729553461075,-0.34049804136157038,0.670898238196969,0.1742552500218153,1.123541235923767,-0.18415457662194968,0.6105732060968876,1.0128841489786283,0.44505812879651787,0.22299554198980332,-0.7150084972381592,-0.9576964378356934,0.03077000379562378,-0.0850939154624939,-0.5442973747849464,-0.6933007538318634,0.049762386828660968,-0.2543811220675707,0.1605354284401983,0.8003813698887825,0.119132399559021,0.4158498924225569,0.38723209500312807,0.8050939533859491,-0.6102993618696928,0.3181094340980053,0.8972302675247192,-0.4270637111039832,-0.8262959755957127,-0.172134792432189,0.10807283967733383,0.1379170697182417,0.8011841233819723,-0.801735520362854,-0.8911535292863846,-0.8318443596363068,1.2131626605987549,-0.25311137177050116,0.7889268565922976,-0.3491598442196846,0.5030922216828913,-1.9373878296464682,0.45651975087821486,0.6860179490176961,0.2288898229598999,-0.0894489549100399,0.5212805271148682,0.5348129272460938,1.0855649961158634,-0.4567692279815674,-0.07057005172828213,-0.26869507133960726,-0.6084743961691856,0.18695042852777989,0.8665144983679056,0.7711364186834544,0.009054059162735939,0.7608965098625049,0.7553591728210449,-1.2896893974393607,-0.15635698288679124,0.2129315622150898,0.8409928176552057,-0.4878346868790686,0.17615532781928779,-0.5620928443968296,-0.023227054625749589,0.13268747553229333,0.3206656500697136,-0.07783308997750282,0.2271164315752685,-0.34492409229278567,-0.43450837582349779,-0.7161344233900309,0.8805098533630371,-0.02257465571165085,0.03164953168015927,0.48923093546181919,-0.0836772657930851,0.9652500487864018,-0.5333046913146973,-0.7529801172204316,0.15675599221140147,-0.628201313316822,0.2583811869844794,-0.4649592638015747,0.25845129787921908,0.6408997476100922,-0.0839420398697257,0.21798502281308175,-0.5099387001246214,0.09762413101270795,-0.5014989152550697,0.24643155187368394,0.36681258119642737,-0.9051876226440072,0.6462868973612785,-0.003684224560856819,-0.872384387999773,-0.025032291188836099,0.3735998715274036,0.4323498457670212,0.7702346444129944,0.48466735798865559,-0.09128128737211228,-0.5272294506430626,0.7197259813547134,-0.7822183165699244,-0.6058274582028389,0.33885955065488818,0.26085796137340369,0.3037411607801914,0.9963653646409512,0.7741180653683841,0.3462800681591034,0.18543030694127084,-0.7918573804199696,0.2719005672261119,0.23260408639907838,0.644775427877903,-0.40946176927536728,-0.23441105894744397,0.4435122199356556,-0.8616673946380615,0.5216926485300064,0.4814095236361027,-0.6330816596746445,-0.5883174203336239,-0.9878208911977708,0.9142170120030642,0.7143131354823709,0.707878828048706,0.516883373260498,0.01160629560763482,-0.8146442398428917,-0.42170057259500029,-0.23481307923793794,0.6142852306365967,-0.05547746270895004,-0.2605217322707176,0.11253180727362633,-0.7436451874673367,-0.4590113889425993,0.9850213527679443,-0.246346116065979,-0.7779408991336823,0.887779951095581,-0.5649228245019913,-0.790316324797459,0.8198790512979031,-0.11558572761714459,0.29812828451395037,0.389999536331743,-0.11237981216982007,-0.6590404212474823,-0.16180269047617913,0.0017504431307315827]},{"row":12,"column":12,