{"weights":[{"row":29,"column":12,"elements":[-0.40057724714279177,-0.7962306812405586,0.4187281830236316,0.17301365733146668,-0.9019035266246647,0.003035709261894226,-0.643462136387825,-0.8875254662707448,0.3214601054787636,-0.23782231099903584,-1.2648796318098903,-0.7427113232552074,0.5225743651390076,-1.106700662523508,-1.8115068348124624,-0.7623399868607521,0.8107055351138115,0.9282621555030346,-0.8354858674574643,0.483737176284194,-0.6395000442862511,-0.9035570248961449,0.9135503694415093,0.6415318893268704,0.6598802474327385,-0.29511813074350359,0.24826588248834015,-0.11817105859518051,0.4458157764747739,-0.5083207935094833,0.6321776323020458,0.7703715465031564,-0.5157287660986185,1.5025476962327958,0.4110099244862795,0.9698524604318664,0.1781473271548748,-0.4520147778093815,0.44869707711040976,-0.8642909843474627,0.6058612708002329,0.521665645763278,-0.20177257433533669,0.22154046094510705,0.5374539392068982,0.7500003455206752,-0.19530023634433747,-0.13669062859844417,-0.5542767755687237,-0.07077481396845542,-1.1375637343153358,-0.9348848115187138,-0.1323359590023756,0.7533243237994611,0.7012455966323614,-0.4302200675010681,0.5425159791484475,0.19603038392961026,0.2164029935374856,0.1787521643564105,-0.3888626703992486,-0.2904836805537343,0.655923836864531,0.38956067990511658,-0.5020642541348934,0.9377789723221213,0.8954932894557715,-0.6874534031376243,-0.42317768232896926,0.3834265726618469,0.9527029246091843,1.1855040406808258,-0.48277593962848189,1.07752672303468,0.18625961523503066,0.842481903731823,-0.8965825438499451,0.5182152204215527,-0.41212924057617786,1.0736042503267527,-1.0149337481707335,0.711016409099102,-0.06095166504383087,2.0026490688323976,-0.29246389819309118,-1.141332822619006,-0.4010175955481827,0.3841508701443672,0.12705339025706054,-0.7877109795808792,-0.8350203111767769,0.11609314195811749,0.6046272350940853,0.8793763937428594,1.3693347591906787,-0.5017973706126213,0.9204239306272939,-0.1499280035495758,1.2938432209193707,0.1957813110202551,-0.27483389852568509,-0.054607394617050889,-0.42224009020719679,0.3153702630661428,-0.7225626893341541,-0.7818921804428101,-0.5891622956842184,0.3195757083594799,0.10681353486143053,-0.4778648056089878,-1.8745335806161166,0.2782485745847225,-0.06899654865264893,-0.7954019238241017,0.38958150148391726,0.2803510194644332,-0.3762044459581375,-1.501590609550476,0.08242934942245484,-1.0444312244653702,-0.5181838879361749,0.780694030225277,-0.89143324829638,0.23796460253652186,0.2067394256591797,-0.4938700720667839,0.8263299260288477,0.5803970890119672,1.082032324746251,-0.2887505292892456,-0.8757694065570831,-0.23606013972312213,0.7594599989242852,0.3569614812731743,-0.33145649265497925,0.6607933193445206,0.19543548207730056,0.5455802716314793,0.37547347554937007,-1.3198769930750132,-0.581808302551508,-0.19957303255796433,1.0205073840916157,-0.8638617806136608,-0.9805456921458244,0.19840028882026673,-0.8317977860569954,0.41111447289586069,-0.905263427644968,-0.7128013670444489,0.9217693647369742,-0.13051488064229489,-0.1151253953576088,-0.7920677866786718,0.6834896104410291,-0.06158686988055706,0.8080511670559645,-0.3295747432857752,-0.20792079716920854,0.5789216458797455,-1.0365728754550219,0.1762334555387497,-0.1694866307079792,0.5467748465016484,0.31806788593530657,0.5324870820622891,1.0314383059740067,0.6816748455166817,0.5214127227663994,0.47495439276099207,-0.9811290837824345,-1.1297899428755046,0.6887772148475051,1.016250954940915,-0.29985201358795168,-0.44829256972298028,-0.08148691151291132,0.8169066393747926,-0.11388519033789635,0.21769995987415315,-0.24143523979000748,0.5468255281448364,0.5624186210334301,0.06519454950466752,-0.04131193133071065,-0.2233692309819162,0.9824640853330493,0.7205429512541741,-0.4431667395401746,0.8707965607754886,0.12103579007089138,-0.583618248347193,-0.9161968901753426,0.38832202553749087,0.5590407510753721,-0.7914223968982697,-0.7299216017127037,-0.2590465284883976,0.7620476894080639,-0.7916455185040832,-0.6987539026886225,-0.15355940908193589,1.260436361655593,-0.35859700106084349,-0.3296748101711273,-0.5901132505387068,0.05342796631157398,-0.3465385602321476,0.8330000713467598,0.5970591148361564,-0.014189214445650578,-0.1923237107694149,-0.4535768888890743,0.6843197774142027,0.7647094503045082,-0.1419051387347281,0.8098962157964706,-0.35336930491030218,-0.8644668339984492,0.6741953988093883,-0.021442881785333158,1.4809199515730143,0.7976686509791762,-0.6017614379525185,0.8644506325945258,0.3720156531780958,-0.762235383503139,-0.9367319941520691,-0.3586547113955021,0.4259318495169282,-0.623827338218689,0.8511654976755381,-1.176232187077403,0.7889166884124279,-0.9169476255774498,-0.7744711237028241,0.6743671745061874,-0.6717241331934929,0.34016576781868937,0.24651606008410455,0.9373000483028591,0.8492723219096661,0.3795713181607425,0.16939863935112954,-0.22953239176422358,-1.255800197366625,0.09117107093334198,0.7437759637832642,0.021872167009860278,0.5730884671211243,-0.7016956489533186,0.6476927219191566,1.5945016220211983,0.047325942665338519,0.5041185575537384,-0.9299699082039297,0.999049887759611,0.8015303355641663,0.25728423288092019,-0.5870014429092407,0.22913291258737446,-0.42650914611294868,1.6133937016129494,-0.9287238381803036,0.7917988393455744,-0.3034061761572957,-0.0034003667533397676,-1.0242692679166794,-0.8092860039323568,-0.6721285954117775,0.39518556743860247,0.07724005915224552,-0.33223290741443636,0.5984550733119249,1.2633098848164082,-0.14308366877958179,-0.280958853662014,-0.16950281825847925,-0.14264817954972387,0.7802023179829121,0.6205989513546228,-1.0060774013400078,0.6716186031699181,1.03864759625867,0.13074008002877236,-0.6770589426159859,-2.7892813682556154,-0.3156703235581517,-0.17715702578425408,-0.03372375853359699,-0.05658062361180782,-0.3030536533333361,0.26412717532366516,-0.4932657266035676,-0.56272117421031,0.04567697271704674,-0.5529570057988167,0.5314216958358884,0.2797464467585087,0.8084341033827514,-0.13778525264933706,-0.8021114795119502,0.21265890821814538,-0.9918615333735943,0.2604249082505703,-0.9461726807057858,0.8367013148963451,-0.9472846344579011,0.7157654669135809,-0.741578733548522,-0.35786263085901739,-0.07916236203163862,0.4891740083694458,-0.5759172216057777,0.8928406462073326,-0.5036365548148751,0.43443089397624137,-0.9788892045617104,-0.1266469215042889,-0.4813564957585186,0.6373093277215958,-0.6224696326535195,-1.1303467135876418,-0.4620024058967829,0.8813660554587841,1.7678631581366063,-0.2512137219309807,-0.29665425792336466,0.4829553538002074,1.5281492703943514,-0.495660416316241,-0.650901229120791,-0.7321167094632983,-1.2680640937760473,-0.11389889335259795,-0.2768669534707442,-0.8230869472026825,1.041637709364295,-0.6336474940180779,0.5642361044883728,-0.0577671080827713,0.48428481817245486,-0.3738689685706049,-0.33658258989453318,-0.024868101812899114,0.9114254047162831,0.37468041107058527,0.42785272374749186]},{"row":12,"column":12,