{"weights":[{"row":26,"column":12,"elements":[0.5966091156005859,0.04618320241570473,-0.1132009755820036,-0.41429741121828558,0.1747968215495348,-0.20712760649621488,-0.3907829783856869,-0.8905167011544108,-0.09672040119767189,0.5365288220345974,-0.3384738452732563,-0.644946382381022,-0.8276751413941383,-1.03071776102297,0.41021278873085978,-0.003168456256389618,-0.10949041554704309,-0.5906880646944046,0.0330495722591877,-0.9467523482162505,0.7864257423207164,0.8952564927749336,0.7306480184197426,0.18071546213468538,-0.23809725232422353,0.8168876934796572,-1.2185943126678467,-0.3588286340236664,0.026836657896637918,-2.881702208891511,0.2551623301114887,-0.27159673999994995,0.31519703660160305,-0.03150001494213939,-1.2708215788006783,0.5556139843538404,0.49506917875260117,0.49563924223184588,-0.2641090638935566,-0.4482008367776871,-0.8211970925331116,-0.39294882118701937,0.2795118521898985,0.3458712368737906,0.6155028082430363,-0.9730941047891975,-0.3947860300540924,-0.8690185616724193,0.041519965045154098,-0.682580016553402,-0.054087843745946887,-0.22831440530717374,-0.545863461215049,1.0074781849980355,0.6766502587124705,0.17561792861670257,0.6335659120231867,-0.6970130354166031,0.2704095281660557,0.47683606296777727,0.3151353858411312,-0.14540456980466844,0.5709301624447107,0.7199848154559732,-0.936840895563364,-0.40699804946780207,-0.8330278946086764,-0.5930612981319428,0.3310661157593131,0.46072408743202689,-0.4088942437665537,-0.6728238798677921,0.9239554104860872,-0.4023279398679733,-0.6949663087725639,1.1614823224954308,0.5425865389406681,-0.8231027477886528,0.4912167638540268,0.8875906821340323,-0.6801515221595764,-0.25707224011421206,-0.19395032012835146,0.30070096254348757,-1.9534954307600856,-0.8237813990563154,0.4326307186856866,-0.6452538477024064,0.5755510163726285,0.29142150084953757,0.7034112475812435,0.9064394161105156,-0.6724126543849707,0.9113640375435352,-0.9195879029575735,0.9594734329730272,-0.6200274229049683,-1.3282112935557962,0.270776336081326,0.6424755053594708,0.5374839911237359,-0.2558593600988388,0.14482372719794513,-0.5982724372297525,1.4378907661885024,-0.27915612515062096,0.4042893722653389,0.6458454392850399,-1.3312985479133204,0.9132467173039913,0.1021665409207344,-0.19863608479499818,0.7648291699588299,-0.538570877048187,0.30246256198734047,-0.5177563969045878,-0.1996280886232853,0.3422095123678446,0.6171008278033696,0.5718772877007723,-0.4704990442842245,-0.5282362622674555,-0.7595592099241912,0.48981256783008578,0.15725397132337094,0.30001290049403908,0.5976079504471272,-0.5086468867957592,-0.4361638016998768,0.25150907039642336,-0.4521233141422272,-0.11321994382888079,0.20867368578910829,0.8679107408970594,0.13166458206251265,-0.23045249097049237,0.541494395583868,0.7371966550126672,0.3487407360225916,0.7345071509480476,-0.4123769532889128,0.16752274334430695,0.13149113616236719,-0.25221763853915038,-0.3164438996464014,0.008769229520112276,-0.540295976024936,-0.3964069113135338,1.0084980441606604,-0.8037737496197224,0.7988832616247237,-0.9977615610696375,-0.08709649369120598,-0.7870633527636528,-0.1414387607946992,-0.504897826584056,-0.32676659896969797,-0.2046714909374714,-0.6863432032987475,0.6020260556833819,0.9806222207844257,-0.2913525477051735,-0.6475086696445942,0.7001040270552039,0.4994141673669219,0.3800148665904999,0.44720883667469027,-0.9327620428521186,1.5473003359511495,0.6077620040159673,-0.4451344241388142,0.2938772588968277,-0.04305698935058899,0.2592545598745346,-0.8390829674899578,0.7236220315098763,0.3309625741094351,0.3421866516582668,0.7924217229010537,-0.20855132397264243,-0.19125630147755147,0.22926603152882309,0.9169213604182005,0.7328803220298141,-0.8408364057540894,0.4468287928029895,-0.17191724013537169,0.9231457710266113,-0.4389195526018739,0.11671365797519684,1.9268236458301545,0.8697743825614452,-0.46157400216907265,-0.4575457889586687,-1.0003545279614628,0.63807263225317,-0.4011654043570161,-0.4698520274832845,-1.0690952111035586,-1.4528677128255368,0.33875483460724356,-0.47674491722136738,0.5273224040865898,-0.5264223283156753,-0.871536560356617,-0.7337665976956487,-0.5324312821030617,0.7446385361254215,-0.9222806850448251,-0.31354271061718466,0.006768722552806139,0.10296275420114398,-0.37106087571009996,0.701764052733779,0.49949989281594756,-0.5408344632014632,0.7620273921638727,-0.16310032363981009,0.7511669807136059,0.8737686034291983,0.6397078279405832,0.18728998396545649,-0.5235671997070313,-0.22100050374865533,0.04080369509756565,-0.3705340102314949,-0.0318477526307106,-0.9077737992629409,0.7676977396477014,0.3504306264221668,-0.06731564737856388,-0.6966546773910523,-0.26477921195328238,-0.12315367255359888,-0.8298332011327148,-0.058531854301691058,0.5389175601303577,0.4705763282254338,0.19664539536461235,0.20490143448114396,0.08445515483617783,-0.6190124284476042,0.7026061452925205,-0.8015247639268637,0.8713178634643555,1.2702624332159758,0.09390841983258724,0.3804422188550234,-1.2603256851434708,0.5576688228175044,0.8950320351868868,0.13048257073387505,-2.441007965011522,-0.12398633477278054,0.046769607812166217,-0.4227133058011532,-0.2842793148010969,-0.5156393609941006,-0.12669012136757375,-1.0139790987595916,0.6622149534523487,0.33298347098752859,-0.2895253896713257,0.1720847191172652,0.9185614385642111,0.3397338166832924,2.0039066690951587,1.0003827288746834,-0.5410854849033058,-0.6584910172969103,0.49662266857922079,-0.15146789577556775,-0.9001980007160455,-0.14904798567295075,-0.2359832157380879,-0.7042078794911504,0.5278602633625269,0.2696547592058778,-0.1984416153281927,0.6431024894118309,0.4873013570904732,-0.7639026679098606,-0.6890019774436951,-0.05388697609305382,-0.8133059274405241,-0.6370873190462589,0.8547799345105887,-0.23349538072943688,-0.5715887509286404,0.10483475774526596,-0.9855228317901492,-0.34545084461569788,0.4943919666111469,-0.6342106079682708,-0.629022610373795,0.08157218992710114,-0.8936933553777635,-0.02002905309200287,0.0017940810648724437,-0.6369470884092152,-0.35905688628554346,-0.16096020117402078,-0.298663429915905,-0.8799431046936661,1.149534901836887,0.7352024018764496,0.21378314681351186,-0.03723129816353321,0.8089483347721398,0.3510234635323286,0.2842467031441629,0.8108941875398159]},{"row":12,"column":12,