{"weights":[{"row":29,"column":12,"elements":[0.55193080753088,0.5935999946668744,-0.5167441051453352,-0.35049363371217626,0.0920121526287403,-0.27868153154850008,0.5036085657775402,0.8993621449917555,0.8550954852253199,-0.8270555734634399,0.49552000500261786,-0.5816613771021366,-0.5100640272139572,-0.11537591787055135,-0.8044861722737551,-0.30688442871905866,-0.37119886884465816,-0.3388417651876807,-0.9120380878448486,0.6991462470032275,-0.2853565067052841,-0.782609224319458,0.5763615556061268,0.13543490506708623,0.583057876676321,0.7322142254561186,-0.8319534473121166,0.8161716610193253,-0.5158236045390368,0.8195135667920113,-0.5353915521409363,-0.18458779901266099,0.02756582945585251,0.7082778792828322,-0.23099607974290849,0.7175039723515511,-0.8751038648188114,-0.7877688081935048,-0.9794389326125383,0.23043160699307919,0.13457526080310346,-0.10149294137954712,0.03600182384252548,0.5420215986669064,0.6808200073428452,1.0459477412514389,0.571367081720382,0.029764770530164243,-0.8002023682929575,0.7914933767169714,0.3061284516006708,-0.5519338380545378,0.3298279941082001,-0.6689637992531061,0.3662256896495819,0.5794286383315921,0.04275223985314369,0.5744884286541492,-0.30257587134838107,0.9663886204361916,0.3180668577551842,-0.9394876952283084,-0.33560567162930968,0.576452698558569,0.7499452494084835,-0.529665045440197,-0.11754375696182251,-0.14642007369548083,-0.43299912195652726,-0.9752933531999588,-0.007748729549348354,0.5440397262573242,-0.44354517944157126,-0.8421557312831283,-0.3017880516126752,0.7748208455741406,-0.9208125831792131,1.0998087152838708,-0.9840960502624512,-0.07535395957529545,0.11982190546223137,-0.23010430997237564,0.8181519927456975,-0.3389576682820916,0.7988871783018112,0.8363271877169609,-0.038705021142959598,0.8840689323842526,0.18450167030096055,-0.7539916895329952,-1.175122193992138,0.12472109496593476,0.8428895873948932,0.6531835682690144,0.744383193552494,-0.6595121510326862,0.901291262358427,-0.10215312615036965,0.6293355189263821,-0.954967231489718,0.29413874383317309,-0.18973802775144578,-0.6137494500726461,0.6948219798505306,-0.8018661737442017,-0.7040741220116615,0.04038846492767334,0.07019188260892406,1.0685482325498015,0.2708710767328739,-0.8290798310190439,0.07839926518499851,0.023513348773121835,-0.8534422442317009,0.19926341250538827,-0.5405450006946921,0.6218956559896469,0.06412392109632492,-0.6548960357904434,-0.4397149379365146,0.6437758635729551,0.42987498082220557,0.49027295550331476,0.2528644446283579,1.0817371644079686,-0.939187228679657,0.5683704763650894,0.1338446643203497,-0.7965224161744118,0.6314077526330948,-1.5482077598571778,-0.06474996916949749,0.6703090183436871,1.430245291441679,-0.6496688947081566,1.008328947238624,0.38283635512925687,-0.32704294798895719,0.441745039075613,-0.25023507699370386,0.5281116277910769,0.5627495497465134,0.07884506508708,0.5180757790803909,-0.06427221745252609,0.33903998881578448,-0.44495756179094317,-0.9136407151818276,-0.7160610295832157,0.22150420863181354,0.06443989789113403,-0.32151534780859949,0.9035979136824608,-0.5627474309876561,0.8347519971430302,0.26616859808564188,-0.8709784038364887,0.33016140351537617,-0.9731273874640465,-0.5084632858633995,-0.9871471738442779,1.059922931715846,-0.8274202905595303,1.4978742704261095,-0.25248323334380987,0.6578643433749676,-0.8110355667304248,0.8541958816349506,0.4095816481858492,-1.3738656706409529,0.5925163896754384,-0.1934334561228752,-0.639801929704845,0.8084716657176614,0.9708738392218947,0.42177406436530875,0.7177897803485394,0.12399546802043915,-0.2561956197023392,-0.03151199989952147,0.5755979996174574,0.31786424247547986,0.5527353286743164,0.6270236819982529,0.7219555228948593,-0.752784466400044,0.3368488736450672,0.6784289106726646,-0.3467993838712573,0.5504329204559326,-0.6882128547877073,0.026277482509613038,0.14126605074852706,-0.6116707373876125,0.5791284590959549,0.043565685860812667,0.6126122581772506,-0.4155944287776947,0.3015634547919035,-0.22828072868287564,0.5171237140893936,-0.5271191094070673,0.5195224732160568,-0.2696404196321964,1.054893511813134,-0.9689320884644985,-0.1370640993118286,1.5229919254779816,-0.1269736927933991,0.05271398276090622,-0.51434725522995,-0.25200960971415045,-0.44111400842666628,0.7183600943535566,-0.017923638224601747,-0.5252625606954098,-0.6102359890937805,-0.7100312998518348,0.3911482794210315,0.16903875395655633,0.3371401457116008,0.6725143752992153,0.7244287151843309,0.45994518604129555,-0.09702078253030777,0.2522045709192753,0.9738619886338711,-0.34897340228781106,-0.06201664358377457,-0.151899641379714,-0.6198477204889059,0.6729627959430218,0.504342332482338,0.6995303444564343,-0.8415508680045605,-0.7492097932845354,-0.651491567492485,-0.3275395408272743,0.046033501625061038,-0.48759055510163309,-0.6993953105993569,0.05424731352832168,-0.6141993128694594,0.6656735967844725,-0.5014638286083937,-0.757003977894783,-0.36740898434072735,0.8655763464048505,-0.32112301141023638,0.155774992890656,0.6069430261850357,-0.7798176854848862,-0.11601824127137661,-0.23112168535590173,0.15690072299912573,0.17066590767353774,0.13132790196686984,-0.22197495866566897,0.5180752277374268,0.004399989731609821,-0.05474507249891758,0.7060155756771565,0.2962435921654105,0.6873734667897224,0.33051981776952746,0.8898984240368009,-0.21102942805737258,-0.06648790836334229,-0.34913512505590918,0.6650631949305534,0.37135548098012807,-0.07925153337419033,-0.4422882879152894,-0.5562901878729463,0.5691903084516525,0.6576160732656717,0.1834624633193016,-0.14560528565198184,-0.5174088533967733,-1.1063274182379246,0.3427366390824318,-0.17520416714251042,0.2714184768265113,-2.0550478789955379,0.4021554875653237,0.30299538001418116,-0.8051950808148831,-0.8210665523074567,-0.24211931973695756,0.22176913917064668,-0.5680549181997776,0.7435392872430384,-0.809384448453784,0.9045708756893873,0.14378881454467774,0.6657209382392466,0.847265312448144,1.5353560037910939,0.4743041470646858,0.9238171963952482,0.6580859272507951,-0.8400928056798875,-0.617096078582108,-0.5400623381137848,0.8396763857454062,-0.5352766513824463,-1.033149778842926,-0.7900034366175532,0.2802340378984809,0.06041939929127693,0.39469272177666428,-0.8781218016520143,0.6486818511039019,-0.8483222424983978,-0.8089585097040981,0.8095176867209375,-0.536508820950985,0.4923778362572193,0.3859455529600382,0.19938786514103414,-0.6596533879637718,0.24012336088344456,-0.1657757181674242,0.6737067885696888,-0.5071651488542557,-0.0946684405207634,1.0260616689920426,0.3645517220720649,-0.5920465737581253,-1.0031125470995904,-0.1847049482166767,0.004862198606133461,0.6062958226539195,0.27562799863517287,0.1605626717209816,0.5594763495028019,-0.8419448770582676,0.7273820787668228,0.290935754776001,0.6621077470481396,0.6514943048823625,0.04779960960149765,0.30462145432829859,0.19279401330277325,-0.31394723197445276,-0.28747768327593806,-1.0423110704869033,-0.12092102039605379]},{"row":12,"column":12,