{"weights":[{"row":26,"column":12,"elements":[0.6515934020280838,-0.07879785634577275,-0.19297659397125245,-0.6891206316649914,0.7487620823085308,0.393238240852952,0.36649027932435276,0.9100457243621349,0.8265152499079704,0.19488749839365483,0.5443975320085883,0.8105435371398926,-0.4215544853359461,-0.7305006943643093,0.5107762087136507,0.13589584827423097,0.6126475557684898,-0.615031092427671,0.6148841381072998,-0.841501628048718,-0.32347934879362585,0.8685670904815197,-0.7600894588977099,-0.5970379672944546,-0.45377284102141859,0.4422360733151436,0.5223980443552136,0.4350202903151512,-0.5832293601706624,-0.4931432008743286,0.31012623966671529,-0.05450480431318283,0.09941419214010239,-0.5717485211789608,-0.433455653488636,-0.02151496149599552,0.28408014588057997,0.5950145125389099,1.0322584174573422,0.9061674326658249,-0.7775555644184351,0.7715028678067029,-0.8165677993092686,-0.3424198403954506,0.12483316473662853,0.9732705922797322,0.45170264691114428,0.5712233572266996,-0.7447859719395638,0.23565536178648473,-0.12442536372691393,-0.3087178170681,-0.501140896230936,0.3560046851634979,0.08439838350750506,-0.007161257788538933,-0.18243761640042067,0.021267576375976206,-0.7751437239348888,-0.9585664761252701,-0.1800782112404704,-0.5760552883148193,0.01670151762664318,-0.6466744281351566,0.7663252465426922,-0.36997387185692789,-0.2793057067319751,-0.48472537845373156,-0.12909872084856034,0.495111639611423,-0.27106473594903948,0.13331195898354054,-0.5828237533569336,0.7354024350643158,-0.48327503725886347,0.1616610288619995,-2.675882011651993,1.1145130395889283,-0.6509253978729248,-0.807704946026206,-0.9030360914766789,0.15393832884728909,-0.6671858597546816,1.0302485525608063,-0.28633435256779196,0.2084056162275374,0.47091569378972056,0.20108587481081487,-0.9273355603218079,-0.39933812618255618,-0.08874130621552468,0.7161833764985204,0.5465757846832275,-0.5859468728303909,0.0669165849685669,0.2943679243326187,0.18191751837730409,-0.9858373776078224,0.3124511642381549,0.12454178370535374,-0.8253126796334982,0.10415767133235932,1.1379482094198466,-0.6710643768310547,0.8706953525543213,0.25737748108804228,0.4172857999801636,-0.1533167352899909,0.11541864834725857,0.03805031627416611,-1.5510065257549286,-0.9896384626626968,0.4957243222743273,-0.6819620579481125,0.6180488243699074,-0.0941737238317728,0.21088667213916779,-0.3458678685128689,-0.523952909745276,1.1030191592872143,-0.5458319783210754,-0.7348057413473725,0.07838987186551094,0.10919296741485596,-0.3783031404018402,-0.5168760111555457,0.03903019428253174,-0.30461136624217036,-0.3581641800701618,0.062439669854938987,-0.7371774734929204,-0.6235776520334184,-0.8321568965911865,0.6631262619048357,0.5769062042236328,0.4611996207386255,0.6580813638865948,-0.5853781029582024,-0.8530275411903858,-0.01581716537475586,-0.746856689453125,1.2441694736480713,-0.15584073308855296,0.9293044749647379,-0.07300796546041966,1.0026521682739258,0.8096759673207998,0.8976100009167567,-0.9213189948350191,0.5610770620405674,0.5503532886505127,0.6597025394439697,0.6434831693768501,0.1994122713804245,-0.7282488346099854,0.8058781623840332,0.8360992558300495,-0.13040161319077016,0.458503725938499,0.35448265075683596,0.490418404340744,-0.39880407421151178,-0.27635451313108208,-0.7807512283325195,0.750166118144989,-0.4173019640147686,0.8949664831161499,-0.2828918695449829,0.5790121909230948,0.5537793207913637,-0.2665129667147994,-0.0721609138417989,-0.8519863486289978,0.4324697405099869,-0.5081642121076584,0.2614564746618271,0.6161779649555683,0.5980877876281738,0.9853016036795452,-0.9853535201400518,1.13931006193161,0.09098931332118809,0.6066169165133033,0.4420117081608623,-0.6322179669514298,-0.8036363534629345,0.4505891501903534,-0.694411464035511,-0.2717700805515051,0.9800696270540357,0.723481826018542,0.18994120508432389,0.49651582911610606,-0.22720180824398995,0.13382265833206476,-0.31604669243097308,0.07792861014604569,-0.8577441200613976,-0.7617580825462937,-0.3203741814941168,-0.02789313532412052,-0.8084862669929862,0.5742313265800476,0.510822057723999,0.27898430451750758,0.612441748380661,-0.3005302920937538,0.7573694360908121,-0.5447921045124531,-0.5378023013472557,-1.0058006811887026,0.40637554973363879,1.229068636894226,-0.8533158479258418,0.37890003994107249,0.8568040383979678,0.7336077317595482,0.1791662648320198,0.9056283561512828,-0.0793377822265029,0.022650759667158128,-0.14645709935575725,0.8487975392490625,-0.7492285184562206,-0.26497264206409457,0.19784479029476643,-0.47220503911376,0.46276642195880415,-0.530467689037323,-0.24625027738511563,0.5878331549465656,-0.11669211834669113,-0.5965981483459473,-0.9333049412816763,-0.21861541271209718,-0.6946216854266822,0.8033985793590546,0.796297624707222,0.37497588992118838,-0.1989576585474424,0.29223960638046267,-0.6900669187307358,-1.0568859800696374,0.02831399440765381,-0.6161927580833435,-0.5129795279353857,0.704548710025847,-0.7879063934087753,0.741787925362587,-0.22745366860181094,-0.7447621114552021,0.9070064648985863,0.5813644733279944,-1.663299322128296,-0.1050005853176117,0.4290678487159312,1.2058088779449463,0.7581594660878182,-0.8297433517873287,-0.437522342428565,0.5984350815415382,0.35738250613212588,-0.04806780623039231,-0.24840730149298907,-0.9326121583580971,0.1528410166501999,0.4828451853245497,-0.2965600751340389,0.04271178878843784,0.14471444860100747,-0.6043151877820492,0.49945516884326937,-0.011633934685960412,0.5681971609592438,0.2151709944009781,-0.9177038744091988,-0.3727960030300892,0.027136489748954774,-0.5444071292877197,-0.597354119643569,-0.9916601181030273,-0.8003492038697004,-0.17088711634278298,-0.12321633473038674,0.012172156013548375,-0.41175032779574396,-0.6801554746925831,0.5198664665222168,-0.06196654215455055,-0.07745810598134995,-0.301912784576416,-0.8024399280548096,0.45284289261326196,0.31309791933745148,0.8020563125610352,0.7390530109405518,0.9683521632105112,-0.9229563884437084,0.8681660238653421,-0.5785819590091705,-0.42619821056723597,-0.8739092107862234,-0.3529798984527588,-0.5356512069702148,0.3818909823894501,0.4900441374629736,-0.8069013021886349,-0.33630685321986678,-0.13579829968512059,-0.07776453718543053,-0.01709931530058384,0.1349348984658718]},{"row":12,"column":12,