{"weights":[{"row":29,"column":12,"elements":[0.33984033204615118,-0.2087428718805313,0.43473134469240906,0.43385012447834017,0.06660906644538045,-0.8336190953850746,-0.58614831417799,-0.43862250447273257,-0.4161532036960125,-1.028287347406149,0.22053449973464013,0.46050500869750979,-0.10384760424494744,0.4944130554795265,0.0981904361397028,0.801097447052598,-0.7813424272462726,-0.4949048236012459,-0.47838790994137528,-0.7630703970789909,-0.6685898171272129,0.6144447950646281,0.3345465634483844,0.9975454993546009,0.8160349614918232,0.440357455983758,-0.23570090963039548,-0.2161027155816555,-0.24465758353471757,-0.7731854669982567,0.5327226901426911,-0.6570542678236961,-1.134865140542388,0.7702233735471964,0.16183929704129697,-0.6919252928346396,0.6516026258468628,-0.014967616647481919,-0.6267305082874373,0.8690188955515623,-0.8451573345810175,0.29100190103054049,0.3289384664967656,-0.587831603595987,-0.032440245151519778,-0.8399585541337729,-0.6810704879462719,0.6408868320286274,-0.02786857634782791,0.054235221818089488,0.08873563446104527,0.7201335448771715,0.6799882939085364,-0.5154189467430115,0.34018002077937128,0.20787359308451415,0.5716652255505323,0.1757541000843048,0.9309536423534155,-1.966530112316832,0.7867593942210078,0.7368402816355228,-0.31371607445180418,-0.32822079956531527,-0.486003499943763,0.1778355287387967,0.261259981431067,-0.5771536026149988,1.0703893508762122,-0.9306675200350583,0.14667673408985139,-0.3355942605994642,0.966774191823788,-0.8173097707331181,0.8563454933464527,-0.8738931179977953,-0.2741961106657982,-0.5724355448037386,-1.0450049244100229,0.8277365937829018,0.7452499344944954,-0.792453158646822,-0.46791103202849629,0.7660460053011775,-0.29033435974270108,0.9541915496811271,-1.242299840785563,-1.7716528526507319,1.3185835294425488,-0.5806484897620976,-0.15546048991382123,-0.706035265699029,0.6425210684537888,-0.6005717678926885,0.12170069385319948,0.007453659549355507,0.3431584068312077,-0.7162762591615319,-0.23215798661112786,-2.0344600677490236,-0.38495657593011858,0.528907535597682,0.45716541912406685,-0.4070244152098894,-0.17697672359645368,-0.32665631733834746,0.5413431348279119,-0.05177892558276653,-0.38362104445695879,0.6759919878095388,0.018706971779465677,0.7783174011856318,0.8670105468481779,0.07361595891416073,-0.8603809028863907,-0.21967319399118424,0.3896078229881823,0.8160415831953287,-0.6224331334233284,-0.6893584094941616,0.2723840340040624,0.8746203412301838,0.17204354144632817,0.9779083840548992,-0.9041438219719566,-0.3474783845595084,0.3288134019821882,-0.9541336297988892,0.43897533044219019,1.2711493968963624,0.05877352086827159,-0.10782216489315033,1.0263997558504344,-0.7724289215984754,-0.7657800540328026,0.7932886163252988,0.8574410323053598,0.02277514711022377,0.6862988267093897,0.5263583324849606,-0.7289620861411095,0.5052707642316818,0.0717599936760962,-0.478356353007257,1.3689631689339877,-0.5316897602751851,-0.3166473903693259,0.9565362459979951,0.8813471468165517,0.0697406604886055,-0.12126034963876009,0.6284110210835934,-0.4283498990116641,-0.35564611107110979,-0.6453153267502785,0.1576838530600071,0.677558608353138,-0.0007609575986862183,-0.3556215763092041,0.39065224677324297,-0.8257032474502921,0.26260043028742077,0.32088473439216616,0.40011359564960005,-0.12780182986170986,-0.5837655905634165,0.20856969198212028,1.1377079002559186,-0.07982624042779207,-0.8276774883270264,-0.4112037122249603,-0.549009388545528,0.9162372890859842,0.786406397819519,-0.8447392452508211,0.7995311822742224,-0.5967596434056759,-1.0526875373907388,-0.5992690362036228,-0.6732676029205322,1.613037347793579,-0.04679651517653838,0.44155834801495077,0.3181205643340945,-0.38780459947884085,0.48325551371090116,0.9376296205446124,-0.5736042514909059,0.29785954393446448,-0.24254909018054605,0.3354231659322977,0.4701430629938841,1.144195482134819,-0.8314215131103993,-0.41112094558775427,-0.502069697715342,-0.5240828995592892,-0.10205599665641785,-0.41840627044439318,-0.8244251068681479,0.35974232107400896,0.20990899670869113,1.5303713083267213,0.5991321709007025,0.6344223730266094,0.5323165175504983,0.7151614259928465,-0.9802822303026915,0.47102889721281829,0.7126721777021885,0.37959539238363507,1.032721247524023,-0.40251066721975806,0.781217772513628,-0.18524488992989064,0.034930150490254167,0.4538945034146309,-0.8602148136124015,-0.7443843707442284,0.26384614408016207,-0.37316745705902579,0.2937227860093117,-0.7066802829504013,0.5060826963745058,0.21680691093206407,0.35372219630517068,0.47619814798235896,-0.3329561320133507,-0.6823480376042426,0.7755021136254072,0.9154487922787666,-0.17215467430651189,0.14465780276805163,-0.503237888449803,-0.008017331245355308,-0.41525546833872797,0.8208992825821042,-0.7061922252178192,1.0279531902633608,-0.22602360509335996,0.14232513587921859,0.3312162235379219,-0.8251051660627127,0.4078667424619198,1.0610877480357886,0.6296763829886913,-0.7908247883897275,-0.3303665481507778,0.4828086197376251,-0.18442134372889996,0.09836912155151367,0.4830419719219208,-0.6200461462140083,-0.7376162223517895,0.8903736844658852,0.2258880529552698,0.02621963177807629,-0.10938726458698511,-0.5163657115772367,-0.8423166051506996,-1.544783130288124,0.03467727266252041,-0.5422211959958077,0.8513157777488232,-0.2081209272146225,-0.5514399670064449,0.3964921198785305,0.24928759038448335,-1.0577570067252964,0.793865505605936,0.4945498164743185,0.23120442405343057,-0.11599905043840409,0.9442928433418274,-1.5114065269008279,-0.2041052896529436,0.9954169970005751,1.092019229196012,0.38758750539273026,1.0055257137864829,0.7354902103543282,-0.5018043164163828,-0.457480501383543,-0.14101785700768233,0.33379482105374339,0.2317383901681751,0.6581391878426075,0.4435002040117979,-0.39584864117205145,-0.22960220370441676,-0.6099131982773542,-0.5254212950821966,-0.059494223445653918,0.8731883894652128,-0.8766120374202728,-0.19281473755836488,-1.1883655786514283,0.262056355830282,0.8517210844438523,2.1137927174568178,0.24206325318664313,-0.9580464158207178,-0.6639106720685959,0.115539007820189,-0.5720422444865108,-1.018921770970337,-0.887228271458298,0.6265979129821062,0.1110197976231575,-0.09506372734904289,0.9410397112369537,0.9332891753874719,-0.8841008543968201,-0.7406698940321803,0.719597090035677,-0.04290900845080614,0.8617607136256993,-0.41854266822338107,-0.8509492799639702,-0.5901624718680978,0.5452707288786769,1.3715699911117554,-0.791071891784668,-0.9046371793374419,0.8401922704651952,-0.9218133809044957,-0.44094042712822559,0.268799371086061,-0.30309084756299856,-0.8964257356710732,-0.8443399667739868,-0.4219782017826219,-0.659400655888021,0.14765002951025964,0.28289490705356,-0.8658915320411325,-0.5936928205192089,0.46304195653647187,0.7632550708949566,0.01453750766813755,-0.6332023615832441,-0.2878735139966011,-0.9461622186936438,0.2696968181990087,0.7422362565994263,0.012608194723725319,0.057631032541394237,0.2474981569685042]},{"row":12,"column":3,"elements":[-0.9651061659678817,-0.11148842237889767,-0.6704346500337124,0.044999261386692527,0.7103501688688994,-0.8441421091556549,0.0962249850272201,-1.6227296153083444,-0.08361639454960823,-0.14602264761924745,0.15760476142168046,0.1583641686302144,-0.3557306285947561,0.21340691670775414,-0.5827818140387535,0.23945727106183768,0.9397241398692131,-0.7888879291713238,-1.015939875971526,-0.6111025596037507,0.9395700134336948,0.1716955192387104,-0.9319901913404465,1.1621445147320629,-0.9758084509521723,0.4254039702937007,0.20829427614808083,-0.03540630592033267,0.6032623052597046,0.5881665013730526,0.6052309274673462,0.1622362220659852,-0.3868069928139448,0.42747848853468897,0.9412727877497673,-0.5857608867809176]}],"biases":[{"row":1,"column":12,"elements":[0.5987158324569464,1.3870352506637574,-0.49633961357176306,0.6225996017456055,-0.20295895729213954,-0.0504021942615509,0.8428518772125244,-1.02920978423208,0.3469681804999709,-0.89371208101511,0.35700368881225588,0.0601574182510376]},{"row":1,"column":3,